id,firstname,lastname,dob,mobile,email,address,gender,doj,w_location,manager_id,department_id
1,John,Doe,1990-05-15,1234567890,john.doe@example.com,123 Main St,Male,2015-01-10,Office A,,1
2,Jane,Smith,1985-08-20,9876543210,jane.smith@example.com,456 Elm St,Female,2018-03-20,Office B,1,2
3,Michael,Johnson,1992-12-10,5551234567,michael.johnson@example.com,789 Oak St,Male,2017-06-05,Office C,2,3
4,Emily,Brown,1987-04-25,1112223333,emily.brown@example.com,101 Pine St,Female,2016-02-15,Office D,3,4
5,David,Wilson,1993-09-30,9998887777,david.wilson@example.com,202 Maple St,Male,2019-05-10,Office E,4,5
6,Sophia,Martinez,1990-06-20,3334445555,sophia.martinez@example.com,303 Oak St,Female,2014-07-01,Office F,5,6
7,James,Anderson,1988-11-15,7776665555,james.anderson@example.com,404 Cedar St,Male,2015-03-25,Office G,6,7
8,Olivia,Taylor,1995-01-05,5556667777,olivia.taylor@example.com,505 Walnut St,Female,2018-08-10,Office H,7,8
9,William,Thomas,1986-07-10,2223334444,william.thomas@example.com,606 Birch St,Male,2013-09-20,Office I,8,9
10,Ava,Hernandez,1991-03-08,8889990000,ava.hernandez@example.com,707 Pine St,Female,2017-11-05,Office J,9,10
11,asdf,sdjkf,20-02-2000,1245789632,asfd@kfj.com,asfda sfddsa afa,Male,02-02-2022,adfa,4,1
12,jhf,jkhf,02-03-2003,1245789865,asd@fdjk.com,asdfad dasfad adfa ,Male,02-01-2009,asd,2,6
13,ad,sd,02-03-2001,1245789562,adsf@sjdh.com,asdf sdfa,Male,03-02-2020,dfgbs,3,3
14,asdf,asdf,02-01-2003,1245789865,asdf@gmail.com,asdf asdf sdf a,Male,02-01-2002,asdf,2,1
15,asdf,asdf,02-01-2003,1245789865,asdf@gmail.com,asdf asdf sdf a,Male,02-01-2002,asdf,2,1
16,asdf,asdf,02-01-2003,1245789865,asdf@gmail.com,asdf asdf sdf a,Male,02-01-2002,asdf,2,1

